"Award_Year","FAFSA_Start_Date","FAFSA_End_Date","ISIR_Correction_Start_Date","ISIR_Correction_End_Date","ISIR_Verification_Start_Date","ISIR_Verification_End_Date","COD_Origination_Disbursement_Start_Date_TIV_Grants_Loans","Days_from_Student_Enrollment","ISIR_Award_Year_Start_Date","ISIR_Award_Year_End_Date"
"2011-2012","2011-01-01","2012-06-30","2011-01-01","2012-09-17","2011-01-01","2012-09-24","","120","2011-01-01","2012-06-30"
"2012-2013","2012-01-01","2013-06-30","2012-01-01","2013-09-23","2012-01-01","2013-09-27","","120","2012-01-01","2013-08-30"
"2013-2014","2013-01-01","2014-06-30","2013-01-01","2014-09-22","2013-01-01","2014-09-29","2013-03-01","120","2013-01-01","2014-09-29"
"2014-2015","2014-01-01","2015-06-30","2014-01-01","2015-09-19","2014-01-01","2015-09-28","2014-04-14","120","2014-01-01","2015-09-29"
"2015-2016","2015-01-01","2016-06-30","2015-01-01","2016-09-17","2015-01-01","2016-09-26","2015-03-30","120","2015-01-01","2016-09-29"
"2016-2017","2016-01-01","2017-06-30","2016-01-01","2017-09-09","2016-01-01","2017-09-23","2016-03-29","120","2016-01-01","2017-09-29"
"2017-2018","2017-01-01","2018-06-30","2017-01-15","2018-09-17","2017-01-15","2018-09-26","2017-03-30","120","2016-10-03","2018-09-29"
"2018-2019","2018-01-01","2019-06-30","2018-01-15","2019-09-17","2018-01-15","2019-09-26","2018-03-30","120","2017-10-03","2019-09-29"
"2019-2020","2018-10-01","2020-06-30","2018-10-01","2020-09-17","2018-10-01","2020-09-26","2019-03-30","120","2018-10-01","2020-09-29"
"2020-2021","2019-10-01","2021-06-30","2019-10-01","2021-09-17","2019-10-01","2021-09-26","2020-04-01","120","2019-10-01","2021-09-29"
"2021-2022","2020-10-01","2022-06-30","2020-10-01","2022-09-17","2020-10-01","2022-09-26","2021-04-19","120","2020-10-01","2022-09-29"
"2022-2023","2021-10-01","2023-06-30","2021-10-01","2023-09-17","2021-10-01","2023-09-26","2022-07-01","120","2021-10-01","2023-09-29"
"2023-2024","2022-10-01","2024-06-30","2022-10-01","2024-09-17","2022-10-01","2024-09-26","2023-07-01","120","2022-10-01","2024-09-29"
"2024-2025","2023-12-31","2025-06-30","2024-02-01","2025-09-17","2024-01-01","2025-09-26","2024-07-01","120","2024-01-01","2025-09-26"